"title","location"
"מנחם קלימיאן אינסטלציה"," קרית מלאכי "
"האינסטלטור הנאמן"," ארלוזורוב 80, חיפה "
"דודי הכרמל"," שד' מוריה 29, מרכז הכרמל חיפה "
"א. גולן מוקד תיקונים"," חבס ברכה 10, חיפה "
"אחים סולאר ג'ינו"," חיפה "
"גיא אלון הנדימן  ואינסטלציה"," דוד המלך 17, ראשון לציון "
"בני שיפוצים ואינסטלציה"," נצרת "
"רן אסטרוגנו איתור נזילות וביובית"," הראל 7, חיפה "
"טוהר שירותי אינסטלציה"," שפרינצק 309, קרית שמונה "
"אלמוג בן חמו"," הגליל 12, כרמיאל "
"אלכס שירות ותיקון"," המלך רחבעם 6, אשדוד "
"צוות מנצח-ביצוע עבודות שיפוצים"," בני ישראל 1, אילת "
"זכר אינסטלציה ושיפוצים"," הבריגדה 23, ראשון לציון "
"ש.ש אספקה טכנית"," דב הוז 10, פתח תקווה "
"ARI עבודות אינסטלציה"," יהושע ברוכי 13, ירושלים "
"קובי תשובה עבודות אינסטלציה ואיתור נזילות"," דלתון "
"אדם צבי אינסטלציה"," אשדוד "
"פרו-ליק איתור נזילות ואינסטלציה"," מש' מריון, אילת "
"א.ש שיפוצים ואינסטלציה"," קצרין "
"משה אינסטלציה ושיפוצים"," חדרה "
"עסק טוב-כהן יואב"," האלון 37, פרדס חנה-כרכור "
"יהודה - אינסטלציה"," צפת 30, באר שבע "
"בעלי מלאכה משאבות"," יעקב בר סימנטוב 36, יהוד "
"עמרם שירותי אינסטלציה"," לבון פנחס 18, נתניה "
"אופק אינסטלציה"," פסגת זאב ירושלים "
"רמי סעדון שירותי אינסטלציה בטכנולוגיה מתקדמת"," עפולה "
"איציק אינסטלציה"," ירושלים "
"שירותי אינסטלציה מקצועיים בבית שמש - יס אינסטלציה"," החרמון 15, בית שמש "
"אטדגי ניסים מיצאת צדיק"," גני אור 72, אור עקיבא "
"אריה ברודנר"," ניצנים 15, כפר סבא "
"איתורי נזילות צנרת-אדיב"," רמב""ם 12, רעננה "
"אינסטלטוב"," לאון בלום 46, חיפה "
"ענקי אינסטלציה"," גורודיסקי 54, רחובות "
"מקס המאתר איתור נזילות"," לילינבלום 21, קרית אתא "
"רחמני שאיבות"," התירוש 155, זכרון יעקב "
"שואבי קצרין והגולן"," משעול שיאון 127, קצרין "
"חסין יהודה-אינסטלציה ושיפוצים"," הנביאים 90, טבריה "
"גלבינסקי דניאל"," חן 36, כרמיאל "
"א.א.א. אחים בן חמו"," כץ מיכל לייב 81, פתח תקווה "
"נחמיאס אינסטלציה דודי שמש וחשמל"," בית הלל 10, רמת גן "
""," הענות מהירה ביותר "